age_group,avg_spending
25-40,2543.370774
60+,2488.854164
"under 25",2477.212187
41-60,2491.486037
