City,avg_income
Phoenix,87137.572027
Philadelphia,86529.731319
Houston,86490.312152
"San Jose",86466.365423
"San Antonio",86002.367190
"New York",85995.862973
Dallas,85649.440789
"Los Angeles",85390.510325
Chicago,85168.286384
"San Diego",83100.099281
