discount_applied,avg_amount,avg_points
1,2534.282822,249.8659
0,2475.048553,249.9288
